Designator,Footprint,Quantity,Value,LCSC Part #
"C1, C10, C13, C14",0402,4,2.2uF,
"C11, C15, C16, C17, C18, C23",0402,6,100nF,
C12,0402,1,10nF,
"C19, C3, C6, C7",0402,4,1uF,
"C2, C4, C5",0402,3,4.7uF,
"C20, C8, C9",0402,3,10pF,
"C21, C22",0402,2,12pF,
D1,D_SOD-123,1,D_Schottky,
"D2, D3",0402,2,LED,
J1,USB_C_Receptacle_GCT_USB4105-xx-A_16P_TopMnt_Horizontal,1,USB_C_Receptacle_USB2.0_16P,
J2,JST_PH_S2B-PH-K_1x02_P2.00mm_Horizontal,1,Conn_01x02,
L1,0402,1,470nH,
L2,0402,1,2nH,
OLED1,OLED-TH_L35.4-W33.5_HS13L03W2C01,1,HS13L03W2C01,C7465997
Q1,SOT-23,1,Q_PMOS_GSD,
"R1, R2",0402,2,5.1k,
"R10, R11, R8",0402,3,10K,
R12,0402,1,1.5K,
R13,0402,1,100R,
"R14, R15",0402,2,2.2K,
"R16, R17",0402,2,4.7K,
"R18, R5",0402,2,100K,
"R3, R4",0402,2,22R,
R6,0402,1,453K,
R7,0402,1,220K,
R9,0402,1,0R,
"SW1, SW2, SW3, SW4, SW5",KEY-TH_4P-L6.0-W6.0-P4.50-LS6.50,5,TC-6610-6*6*8-300G,C7528712
SW6,SW-SMD_MK-12C02-G025,1,MK-12C02-G025,C778186
U1,QFN-56-1EP_7x7mm_P0.4mm_EP4x4mm,1,ESP32-S3,
U3,TSOT-23-6,1,TP4057,
U4,MSOP-8_3x3mm_P0.65mm,1,PCF8563TS,
U5,SOJ-4_L8.4-W3.8-P5.5-BL,1,ABS25-32.768KHZ-6-T,C1985642
U6,SOT-23-6_L2.9-W1.6-P0.95-LS2.9-BL,1,TPS62A02PDDCR,C22445521
X1,OSC-SMD_4P-L3.2-W2.5-BL_SIT8008BI,1,X322540MPB4SI,C9010
