Designator,Mid X,Mid Y,Rotation,Layer
C1,161.23,-86.48,0.0,bottom
C10,124.69,-93.653807,270.0,bottom
C11,126.5,-93.653807,270.0,bottom
C12,128.31,-93.653807,270.0,bottom
C13,128.31,-91.48,90.0,bottom
C14,126.5,-91.48,90.0,bottom
C15,124.69,-91.48,90.0,bottom
C16,122.88,-91.48,90.0,bottom
C17,149.48,-102.0,0.0,bottom
C18,149.48,-103.5,0.0,bottom
C19,114.9,-92.43,0.0,bottom
C2,161.23,-87.95,0.0,bottom
C20,115.065,-110.955,0.0,bottom
C21,149.0,-83.98,90.0,bottom
C22,147.5,-83.98,90.0,bottom
C23,157.48,-102.5,180.0,bottom
C3,160.74,-92.48,90.0,bottom
C4,158.76,-87.98,180.0,bottom
C5,158.76,-89.45,180.0,bottom
C6,158.01,-74.5,180.0,bottom
C7,158.01,-76.0,0.0,bottom
C8,140.5,-102.02,90.0,bottom
C9,132.48,-102.0,90.0,bottom
D1,164.0,-81.5,180.0,bottom
D2,160.515,-76.0,180.0,bottom
D3,115.030288,-86.0,0.0,bottom
J1,137.7,-70.666976,180.0,bottom
J2,166.05,-73.5,90.0,bottom
L1,158.76,-86.48,0.0,bottom
L2,122.88,-93.605,90.0,bottom
OLED1,137.706206,-95.747806,0.0,top
Q1,168.9375,-81.5,180.0,bottom
R1,148.14619,-70.0,180.0,bottom
R10,115.0,-91.0,0.0,bottom
R11,115.0,-109.5,0.0,bottom
R12,115.01,-88.487508,0.0,bottom
R13,157.47,-104.0,0.0,bottom
R14,145.0,-97.01,90.0,bottom
R15,148.0,-97.01,90.0,bottom
R16,157.47,-105.5,0.0,bottom
R17,157.47,-107.0,0.0,bottom
R18,156.5,-81.0,90.0,bottom
R2,148.14619,-71.49,180.0,bottom
R3,148.14619,-72.98,0.0,bottom
R4,148.16619,-74.5,0.0,bottom
R5,159.24,-92.49,90.0,bottom
R6,161.23,-89.48,0.0,bottom
R7,157.98,-77.5,180.0,bottom
R8,160.46,-74.5,0.0,bottom
R9,140.5,-99.51,90.0,bottom
SW1,113.0,-97.5,0.0,top
SW2,113.0,-105.0,0.0,top
SW3,168.5,-88.0,0.0,top
SW4,168.5,-97.5,0.0,top
SW5,168.5,-107.0,0.0,top
SW6,122.25,-70.95,180.0,bottom
U1,137.17,-93.0,90.0,bottom
U3,159.3625,-71.55,180.0,bottom
U4,155.5,-99.5,270.0,bottom
U5,148.5,-90.0,0.0,bottom
U6,157.959704,-83.999661,90.0,bottom
X1,136.4,-101.95,0.0,bottom
