"Id";"Designator";"Footprint";"Quantity";"Designation";"Supplier and ref";
1;"C1, C10, C13, C14";"C_0402_1005Metric";4;"2.2uF";;;
2;"C2, C4, C5";"C_0402_1005Metric";3;"4.7uF";;;
3;"C3, C6, C7, C19";"C_0402_1005Metric";4;"1uF";;;
4;"C8, C9, C20";"C_0402_1005Metric";3;"10pF";;;
5;"C11, C15, C16, C17, C18, C23";"C_0402_1005Metric";6;"100nF";;;
6;"C12";"C_0402_1005Metric";1;"10nF";;;
7;"C21, C22";"C_0402_1005Metric";2;"12.5pF";;;
8;"D1";"D_SOD-123";1;"D_Schottky";;;
9;"D2, D3";"LED_0402_1005Metric";2;"LED";;;
10;"J1";"USB_C_Receptacle_GCT_USB4105-xx-A_16P_TopMnt_Horizontal";1;"USB_C_Receptacle_USB2.0_16P";;;
11;"J2";"JST_PH_S2B-PH-K_1x02_P2.00mm_Horizontal";1;"Conn_01x02";;;
12;"L1";"L_0402_1005Metric";1;"470nH";;;
13;"L2";"L_0402_1005Metric";1;"2nH";;;
14;"OLED1";"OLED-TH_L35.4-W33.5_HS13L03W2C01";1;"HS13L03W2C01";;;
15;"Q1";"SOT-23";1;"Q_PMOS_GSD";;;
16;"R1, R2";"R_0402_1005Metric";2;"5.1k";;;
17;"R3, R4";"R_0402_1005Metric";2;"22R";;;
18;"R5";"R_0402_1005Metric";1;"100K";;;
19;"R6";"R_0402_1005Metric";1;"249K";;;
20;"R7";"R_0402_1005Metric";1;"220K";;;
21;"R8, R10, R11";"R_0402_1005Metric";3;"10K";;;
22;"R9";"R_0402_1005Metric";1;"0R";;;
23;"R12";"R_0402_1005Metric";1;"1.5K";;;
24;"R13";"R_0402_1005Metric";1;"100R";;;
25;"R14, R15";"R_0402_1005Metric";2;"2.2K";;;
26;"R16, R17";"R_0402_1005Metric";2;"4.7K";;;
27;"SW1, SW2";"KEY-SMD_4P-L2.6-W1.6-P0.80-LS3.0";2;"SKTAAAE010";;;
28;"SW3, SW4, SW5";"KEY-SMD_4P-L4.2-W3.2-P2.20-LS4.6";3;"SKRPACE010";;;
29;"SW6";"SW-SMD_MK-12C02-G025";1;"MK-12C02-G025";;;
30;"U1";"QFN-56-1EP_7x7mm_P0.4mm_EP4x4mm";1;"ESP32-S3";;;
31;"U2";"WLCSP-6_L1.0-W0.7-R2-C3-P0.35-BL";1;"SGM6029CYG/TR";;;
32;"U3";"TSOT-23-6";1;"TP4057";;;
33;"U4";"MSOP-8_3x3mm_P0.65mm";1;"PCF8563TS";;;
34;"U5";"SOJ-4_L8.4-W3.8-P5.5-BL";1;"ABS25-32.768KHZ-6-T";;;
35;"X1";"OSC-SMD_4P-L3.2-W2.5-BL_SIT8008BI";1;"X322540MPB4SI";;;
