Ref,Val,Package,PosX,PosY,Rot,Side
"C1","2.2uF","C_0402_1005Metric",161.230000,-86.480000,180.000000,bottom
"C2","4.7uF","C_0402_1005Metric",161.230000,-87.950000,180.000000,bottom
"C3","1uF","C_0402_1005Metric",160.740000,-91.480000,90.000000,bottom
"C4","4.7uF","C_0402_1005Metric",158.760000,-87.980000,0.000000,bottom
"C5","4.7uF","C_0402_1005Metric",158.760000,-89.450000,0.000000,bottom
"C6","1uF","C_0402_1005Metric",158.010000,-74.500000,0.000000,bottom
"C7","1uF","C_0402_1005Metric",158.010000,-76.000000,180.000000,bottom
"C8","10pF","C_0402_1005Metric",140.500000,-102.020000,90.000000,bottom
"C9","10pF","C_0402_1005Metric",132.480000,-102.000000,90.000000,bottom
"C10","2.2uF","C_0402_1005Metric",124.690000,-93.653807,-90.000000,bottom
"C11","100nF","C_0402_1005Metric",126.500000,-93.653807,-90.000000,bottom
"C12","10nF","C_0402_1005Metric",128.310000,-93.653807,-90.000000,bottom
"C13","2.2uF","C_0402_1005Metric",128.310000,-91.480000,90.000000,bottom
"C14","2.2uF","C_0402_1005Metric",126.500000,-91.480000,90.000000,bottom
"C15","100nF","C_0402_1005Metric",124.690000,-91.480000,90.000000,bottom
"C16","100nF","C_0402_1005Metric",122.880000,-91.480000,90.000000,bottom
"C17","100nF","C_0402_1005Metric",149.480000,-102.000000,180.000000,bottom
"C18","100nF","C_0402_1005Metric",149.480000,-103.500000,180.000000,bottom
"C21","12.5pF","C_0402_1005Metric",149.000000,-83.980000,90.000000,bottom
"C22","12.5pF","C_0402_1005Metric",147.500000,-83.980000,90.000000,bottom
"C23","100nF","C_0402_1005Metric",157.480000,-102.500000,0.000000,bottom
"D1","D_Schottky","D_SOD-123",164.000000,-81.500000,0.000000,bottom
"J1","USB_C_Receptacle_USB2.0_16P","USB_C_Receptacle_GCT_USB4105-xx-A_16P_TopMnt_Horizontal",137.700000,-70.666976,0.000000,bottom
"J2","Conn_01x02","JST_PH_S2B-PH-K_1x02_P2.00mm_Horizontal",169.500000,-70.500000,180.000000,bottom
"L1","470nH","L_0402_1005Metric",158.760000,-86.480000,180.000000,bottom
"L2","2nH","L_0402_1005Metric",122.880000,-93.605000,90.000000,bottom
"Q1","Q_PMOS_GSD","SOT-23",168.937500,-81.500000,180.000000,bottom
"R1","5.1k","R_0402_1005Metric",148.146190,-70.000000,0.000000,bottom
"R2","5.1k","R_0402_1005Metric",148.146190,-71.490000,0.000000,bottom
"R3","22R","R_0402_1005Metric",148.146190,-72.980000,180.000000,bottom
"R4","22R","R_0402_1005Metric",148.166190,-74.500000,180.000000,bottom
"R5","100K","R_0402_1005Metric",159.240000,-91.490000,90.000000,bottom
"R6","249K","R_0402_1005Metric",161.230000,-89.480000,180.000000,bottom
"R7","220K","R_0402_1005Metric",157.980000,-77.500000,0.000000,bottom
"R8","10K","R_0402_1005Metric",160.460000,-74.500000,180.000000,bottom
"R9","0R","R_0402_1005Metric",140.500000,-99.510000,90.000000,bottom
"R13","100R","R_0402_1005Metric",157.470000,-104.000000,180.000000,bottom
"R14","2.2K","R_0402_1005Metric",145.000000,-97.010000,90.000000,bottom
"R15","2.2K","R_0402_1005Metric",148.000000,-97.010000,90.000000,bottom
"R16","4.7K","R_0402_1005Metric",157.470000,-105.500000,180.000000,bottom
"R17","4.7K","R_0402_1005Metric",157.470000,-107.000000,180.000000,bottom
"U1","ESP32-S3","QFN-56-1EP_7x7mm_P0.4mm_EP4x4mm",137.170000,-93.000000,180.000000,bottom
"U2","SGM6029CYG/TR","WLCSP-6_L1.0-W0.7-R2-C3-P0.35-BL",158.650000,-84.150000,0.000000,bottom
"U3","TP4057","TSOT-23-6",159.362500,-71.550000,180.000000,bottom
"U4","PCF8563TS","MSOP-8_3x3mm_P0.65mm",155.500000,-99.500000,180.000000,bottom
"U5","ABS25-32.768KHZ-6-T","SOJ-4_L8.4-W3.8-P5.5-BL",148.500000,-90.000000,180.000000,bottom
"X1","X322540MPB4SI","OSC-SMD_4P-L3.2-W2.5-BL_SIT8008BI",136.400000,-101.950000,180.000000,bottom
"C19","1uF","C_0402_1005Metric",114.900000,-92.430000,0.000000,top
"C20","10pF","C_0402_1005Metric",115.065000,-104.955000,0.000000,top
"D2","LED","LED_0402_1005Metric",160.515000,-76.000000,180.000000,top
"D3","LED","LED_0402_1005Metric",115.030288,-86.000000,0.000000,top
"OLED1","HS13L03W2C01","OLED-TH_L35.4-W33.5_HS13L03W2C01",137.706206,-80.997806,0.000000,top
"R10","10K","R_0402_1005Metric",115.000000,-91.000000,0.000000,top
"R11","10K","R_0402_1005Metric",115.000000,-103.500000,0.000000,top
"R12","1.5K","R_0402_1005Metric",115.010000,-88.487508,0.000000,top
"SW1","SKTAAAE010","KEY-SMD_4P-L2.6-W1.6-P0.80-LS3.0",115.000000,-95.500000,0.000000,top
"SW2","SKTAAAE010","KEY-SMD_4P-L2.6-W1.6-P0.80-LS3.0",115.000000,-100.500000,0.000000,top
"SW3","SKRPACE010","KEY-SMD_4P-L4.2-W3.2-P2.20-LS4.6",167.000622,-87.383364,0.000000,top
"SW4","SKRPACE010","KEY-SMD_4P-L4.2-W3.2-P2.20-LS4.6",166.900006,-94.668364,0.000000,top
"SW5","SKRPACE010","KEY-SMD_4P-L4.2-W3.2-P2.20-LS4.6",166.800622,-101.953364,0.000000,top
"SW6","MK-12C02-G025","SW-SMD_MK-12C02-G025",122.250000,-70.950000,180.000000,top
